﻿KD Karthik (c) â€ ,Kolkata Knight Riders Innings,35,26,29,19,42,43,18,23,45,36,5,50,41,26,52,NULL
AD Russell,Kolkata Knight Riders Innings,15,88,9,41,NULL,10,44,0,NULL,9,2,31,11,4,49,NULL
Shubman Gill,Kolkata Knight Riders Innings,NULL,NULL,3,6,NULL,14,37,5,57,7,NULL,16,NULL,0,28,NULL
CA Lynn,Kolkata Knight Riders Innings,5,22,49,31,0,74,5,62,12,17,21,27,45,55,18,NULL
SP Narine,Kolkata Knight Riders Innings,50,12,9,1,35,1,26,27,32,5,4,75,21,29,4,NULL
RV Uthappa,Kolkata Knight Riders Innings,13,29,3,35,48,34,1,36,6,54,14,24,4,45,3,NULL
N Rana,Kolkata Knight Riders Innings,34,16,18,59,35,3,8,15,NULL,31,21,11,21,7,3,NULL
JPR Scantlebury-Searles,Kolkata Knight Riders Innings,NULL,NULL,NULL,NULL,NULL,NULL,NULL,NULL,NULL,NULL,NULL,6,NULL,NULL,2,NULL
PP Chawla,Kolkata Knight Riders Innings,NULL,NULL,NULL,0,NULL,2,2,NULL,NULL,0,11,NULL,NULL,NULL,0,NULL
TK Curran,Kolkata Knight Riders Innings,NULL,2,NULL,2,NULL,1,NULL,NULL,NULL,NULL,18,NULL,NULL,NULL,NULL,NULL
RK Singh,Kolkata Knight Riders Innings,6,2,NULL,NULL,NULL,NULL,NULL,NULL,16,NULL,5,NULL,NULL,NULL,NULL,NULL
Kuldeep Yadav,Kolkata Knight Riders Innings,NULL,NULL,NULL,NULL,NULL,NULL,7,NULL,NULL,NULL,5,NULL,NULL,NULL,NULL,NULL
M Prasidh Krishna,Kolkata Knight Riders Innings,NULL,NULL,NULL,NULL,NULL,NULL,NULL,NULL,NULL,NULL,1,NULL,NULL,NULL,NULL,NULL
MG Johnson,Kolkata Knight Riders Innings,NULL,NULL,4,NULL,NULL,NULL,12,NULL,NULL,NULL,NULL,NULL,NULL,NULL,NULL,NULL
Shivam Mavi,Kolkata Knight Riders Innings,NULL,NULL,7,0,NULL,NULL,0,NULL,NULL,NULL,NULL,NULL,NULL,NULL,NULL,NULL
R Vinay Kumar,Kolkata Knight Riders Innings,6,NULL,NULL,NULL,NULL,NULL,NULL,NULL,NULL,NULL,NULL,NULL,NULL,NULL,NULL,NULL
CR Brathwaite,Sunrisers Hyderabad Innings,NULL,NULL,NULL,NULL,NULL,NULL,NULL,NULL,NULL,NULL,NULL,NULL,NULL,3,43,NULL
KS Williamson (c),Sunrisers Hyderabad Innings,36,6,50,54,84,29,0,63,32,56,83,51,81,36,24,NULL
YK Pathan,Sunrisers Hyderabad Innings,NULL,14,17,19,45,29,21,2,27,12,NULL,NULL,NULL,2,24,NULL
SP Goswami â€ ,Sunrisers Hyderabad Innings,NULL,NULL,NULL,NULL,NULL,NULL,NULL,NULL,NULL,NULL,NULL,NULL,NULL,35,12,NULL
Shakib Al Hasan,Sunrisers Hyderabad Innings,NULL,12,27,24,24,2,28,6,NULL,35,NULL,8,NULL,10,12,NULL
MK Pandey,Sunrisers Hyderabad Innings,NULL,11,4,57,0,16,54,16,21,5,NULL,5,62,25,8,NULL
B Kumar,Sunrisers Hyderabad Innings,NULL,NULL,NULL,NULL,NULL,NULL,NULL,NULL,NULL,1,NULL,NULL,NULL,0,7,NULL
S Dhawan,Sunrisers Hyderabad Innings,78,45,7,0,NULL,5,11,6,33,13,92,79,18,50,0,NULL
Rashid Khan,Sunrisers Hyderabad Innings,NULL,0,NULL,NULL,17,6,NULL,1,NULL,1,NULL,NULL,NULL,0,NULL,NULL
S Kaul,Sunrisers Hyderabad Innings,NULL,0,NULL,NULL,NULL,2,NULL,NULL,NULL,1,NULL,NULL,NULL,0,NULL,NULL
AD Hales,Sunrisers Hyderabad Innings,NULL,NULL,NULL,NULL,NULL,NULL,NULL,45,45,5,14,2,37,NULL,NULL,NULL
DJ Hooda,Sunrisers Hyderabad Innings,NULL,32,5,5,1,NULL,NULL,NULL,NULL,NULL,NULL,21,1,NULL,NULL,NULL
WP Saha â€ ,Sunrisers Hyderabad Innings,5,22,24,6,5,0,6,11,NULL,8,NULL,NULL,NULL,NULL,NULL,NULL
Sandeep Sharma,Sunrisers Hyderabad Innings,NULL,0,NULL,NULL,NULL,0,NULL,NULL,NULL,0,NULL,NULL,NULL,NULL,NULL,NULL
Basil Thampi,Sunrisers Hyderabad Innings,NULL,NULL,NULL,NULL,NULL,3,NULL,0,NULL,NULL,NULL,NULL,NULL,NULL,NULL,NULL
Mohammad Nabi,Sunrisers Hyderabad Innings,NULL,NULL,NULL,NULL,NULL,14,4,NULL,NULL,NULL,NULL,NULL,NULL,NULL,NULL,NULL
RK Bhui,Sunrisers Hyderabad Innings,NULL,NULL,NULL,NULL,0,NULL,NULL,NULL,NULL,NULL,NULL,NULL,NULL,NULL,NULL,NULL
B Stanlake,Sunrisers Hyderabad Innings,NULL,5,NULL,NULL,NULL,NULL,NULL,NULL,NULL,NULL,NULL,NULL,NULL,NULL,NULL,NULL
