﻿PP Chawla,Kolkata Knight Riders Innings,1,1,1,1,1,0,1,0,2,0,3,0,NULL,0,2,NULL
M Prasidh Krishna,Kolkata Knight Riders Innings,NULL,NULL,NULL,NULL,NULL,NULL,NULL,NULL,NULL,0,1,2,2,4,1,NULL
Kuldeep Yadav,Kolkata Knight Riders Innings,0,1,1,3,1,0,0,1,1,0,0,1,4,1,1,NULL
AD Russell,Kolkata Knight Riders Innings,0,0,0,1,NULL,0,1,3,0,2,0,3,2,1,0,NULL
SP Narine,Kolkata Knight Riders Innings,1,1,2,3,0,1,0,0,2,2,1,1,1,1,0,NULL
JPR Scantlebury-Searles,Kolkata Knight Riders Innings,NULL,NULL,NULL,NULL,NULL,NULL,NULL,NULL,NULL,NULL,NULL,1,NULL,1,0,NULL
N Rana,Kolkata Knight Riders Innings,2,NULL,NULL,NULL,2,0,NULL,NULL,NULL,0,NULL,NULL,NULL,0,NULL,NULL
Shivam Mavi,Kolkata Knight Riders Innings,NULL,NULL,0,1,1,0,1,0,0,NULL,NULL,NULL,1,NULL,NULL,NULL
TK Curran,Kolkata Knight Riders Innings,NULL,2,NULL,1,2,0,NULL,NULL,NULL,NULL,1,NULL,NULL,NULL,NULL,NULL
MG Johnson,Kolkata Knight Riders Innings,1,NULL,1,NULL,NULL,NULL,0,0,0,0,NULL,NULL,NULL,NULL,NULL,NULL
R Vinay Kumar,Kolkata Knight Riders Innings,2,0,NULL,NULL,NULL,NULL,NULL,NULL,NULL,NULL,NULL,NULL,NULL,NULL,NULL,NULL
S Kaul,Sunrisers Hyderabad Innings,2,2,1,1,0,3,0,2,1,1,0,0,2,2,2,NULL
Rashid Khan,Sunrisers Hyderabad Innings,1,1,0,1,1,2,3,1,2,1,0,0,3,0,2,NULL
Sandeep Sharma,Sunrisers Hyderabad Innings,NULL,2,NULL,NULL,NULL,1,2,1,0,1,0,1,1,0,2,NULL
B Kumar,Sunrisers Hyderabad Innings,1,NULL,3,1,1,NULL,NULL,NULL,0,1,1,0,NULL,0,1,NULL
CR Brathwaite,Sunrisers Hyderabad Innings,NULL,NULL,NULL,NULL,NULL,NULL,NULL,NULL,NULL,NULL,NULL,NULL,NULL,2,0,NULL
Shakib Al Hasan,Sunrisers Hyderabad Innings,2,1,2,0,0,1,2,0,0,2,2,0,0,1,0,NULL
Basil Thampi,Sunrisers Hyderabad Innings,NULL,NULL,NULL,NULL,NULL,2,2,1,NULL,NULL,NULL,NULL,0,NULL,NULL,NULL
YK Pathan,Sunrisers Hyderabad Innings,NULL,NULL,NULL,NULL,NULL,NULL,NULL,1,NULL,NULL,NULL,NULL,NULL,NULL,NULL,NULL
Mohammad Nabi,Sunrisers Hyderabad Innings,NULL,NULL,NULL,NULL,NULL,1,0,NULL,NULL,NULL,NULL,NULL,NULL,NULL,NULL,NULL
DJ Hooda,Sunrisers Hyderabad Innings,NULL,NULL,NULL,0,0,NULL,NULL,NULL,NULL,NULL,NULL,NULL,NULL,NULL,NULL,NULL
B Stanlake,Sunrisers Hyderabad Innings,1,2,2,NULL,0,NULL,NULL,NULL,NULL,NULL,NULL,NULL,NULL,NULL,NULL,NULL
CJ Jordan,Sunrisers Hyderabad Innings,NULL,NULL,NULL,0,NULL,NULL,NULL,NULL,NULL,NULL,NULL,NULL,NULL,NULL,NULL,NULL
